ISIN,Ticker,Name
RU000A1039N1,TBRU,Т-Капитал Облигации
RU000A108WX3,TPAY,Т-Капитал Пассивный доход
RU000A10A1L8,TOFZ,Т-Капитал ОФЗ
RU000A10B0G9,TRND,Т-Капитал Трендовые акции
RU000A1011U5,TRUR,Т-Капитал – Вечный портфель (рубли)
RU000A1011S9,TUSD,Т-Капитал – Вечный портфель (доллары)
RU000A1011T7,TEUR,Т-Капитал – Вечный портфель (евро)
RU000A101X50,TGLD,Т-Капитал Золото
RU000A101X76,TMOS,Т-Капитал Индекс МосБиржи
RU000A107597,TLCB,Т-Капитал Локальные валютные облигации
RU000A106DL2,TMON,Т-Капитал Денежный рынок
RU000A103TD2,TBEU,Т-Капитал Облигации Е
RU000A107563,TDIV,Т-Капитал Дивидендные акции
RU000A108BL2,TITR,Т-Капитал Акции роста
RU000A10FLY4,TSAV,Т-Капитал Накопительный
