date,close
2022-07-11,10208191603.33
2022-07-12,10225129253.22
2022-07-13,10038527548.38
2022-07-14,10029411354.04
2022-07-15,10023005902.55
2022-07-18,10021407408.89
2022-07-19,9995384508.66
2022-07-20,9995657734.43
2022-07-21,10003620233.99
2022-07-22,10065191291.71
2022-07-25,10117244632.79
2022-07-26,10103265946.01
2022-07-27,10072661391.5
2022-07-28,10064652846.41
2022-07-29,10009504309.25
2022-08-01,10015647431.8
2022-08-02,9965546292.42
2022-08-03,9936245458.15
2022-08-04,9910498143.03
2022-08-05,9914304022.54
2022-08-08,9984903281.28
2022-08-09,9949885051.5
2022-08-10,9969475943.66
2022-08-11,9980283017.1
2022-08-12,10008389572.67
2022-08-15,9995625213.4
2022-08-16,9983756345.09
2022-08-17,9920409968.76
2022-08-18,9908313044.51
2022-08-19,9913363485.26
2022-08-22,10113570162.2
2022-08-23,10103029973.0
2022-08-24,9878894756.21
2022-08-25,9887781557.51
2022-08-26,9841455883.8
2022-08-29,9818746760.48
2022-08-30,9821338949.79
2022-08-31,9808375338.62
2022-09-01,9813519344.02
2022-09-02,9819548662.67
2022-09-05,9823759829.28
2022-09-06,9818829033.01
2022-09-07,9834911885.0
2022-09-08,9851026930.81
2022-09-09,10285640131.55
2022-09-12,10310344872.83
2022-09-13,9915446846.49
2022-09-14,9930091748.51
2022-09-15,9959466727.13
2022-09-16,14583228478.58
2022-09-19,14557263948.19
2022-09-20,14461970339.6
2022-09-21,14037590229.01
2022-09-22,14392001609.05
2022-09-23,14195262118.24
2022-09-26,13694657443.68
2022-09-27,13660119620.98
2022-09-28,13770770882.2
2022-09-29,13802108206.81
2022-09-30,13766361590.2
2022-10-03,13880166030.61
2022-10-04,13920970133.14
2022-10-05,13593395134.77
2022-10-06,14003200464.8
2022-10-07,13978152515.9
2022-10-10,13940846962.13
2022-10-11,13970091218.2
2022-10-12,13580638280.97
2022-10-13,13555999743.75
2022-10-14,13544318477.78
2022-10-17,13531944845.87
2022-10-18,13548108941.48
2022-10-19,13568335120.83
2022-10-20,13587401718.67
2022-10-21,13551674721.47
2022-10-24,13574358075.17
2022-10-25,13550772635.35
2022-10-26,13555805483.5
2022-10-27,13547747961.06
2022-10-28,13523675866.27
2022-10-31,13536710847.42
2022-11-01,13516011208.6
2022-11-02,13482196284.75
2022-11-03,13472749485.52
2022-11-07,13822195664.79
2022-11-08,13392603583.44
2022-11-09,13374061826.53
2022-11-10,13359316471.32
2022-11-11,13329892534.43
2022-11-14,13358947370.72
2022-11-15,13301491346.49
2022-11-16,13277438349.66
2022-11-17,13252296021.32
2022-11-18,13223127249.33
2022-11-21,13224579475.73
2022-11-22,13185649650.96
2022-11-23,13177176497.22
2022-11-24,13160815259.14
2022-11-25,13150310776.16
2022-11-28,13241402868.64
2022-11-29,13227062801.12
2022-11-30,13223132820.21
2022-12-01,13185671292.72
2022-12-02,13174292392.71
2022-12-05,13149340176.98
2022-12-06,13094734216.78
2022-12-07,12566822372.78
2022-12-08,12523510486.46
2022-12-09,12486295150.22
2022-12-12,12453843225.05
2022-12-13,12490269035.93
2022-12-14,12435697217.11
2022-12-15,12452500017.93
2022-12-16,12609103724.78
2022-12-19,12777509793.75
2022-12-20,12783644967.48
2022-12-21,12735028828.85
2022-12-22,12335566332.83
2022-12-23,12315275023.36
2022-12-26,12339928588.47
2022-12-27,12345257885.65
2022-12-28,12359928499.13
2022-12-29,12373431029.08
2022-12-30,12332240103.9
2023-01-09,12405503182.85
2023-01-10,12398238762.45
2023-01-11,12385909381.25
2023-01-12,12376924035.46
2023-01-13,12353865617.78
2023-01-16,12351023992.26
2023-01-17,12282211399.65
2023-01-18,12248838235.67
2023-01-19,12103702932.62
2023-01-20,12108007256.37
2023-01-23,12102986725.46
2023-01-24,12086442669.26
2023-01-25,12050739654.9
2023-01-26,12066303742.41
2023-01-27,12065639334.01
2023-01-30,12061812432.71
2023-01-31,12039186932.89
2023-02-01,12048335497.55
2023-02-02,12024749285.85
2023-02-03,11984417365.77
2023-02-06,11960637334.25
2023-02-07,11928826065.3
2023-02-08,12043499458.09
2023-02-09,11927996459.76
2023-02-10,11888566627.76
2023-02-13,11941159437.2
2023-02-14,11929206689.96
2023-02-15,11854209341.8
2023-02-16,11852756381.28
2023-02-17,11837070493.87
2023-02-20,11561927395.21
2023-02-21,11569746889.39
2023-02-22,11563852687.29
2023-02-27,11579762316.99
2023-02-28,11563141268.23
2023-03-01,11555433326.17
2023-03-02,11529506725.9
2023-03-03,11466665181.22
2023-03-06,11444454115.79
2023-03-07,11413215122.78
2023-03-09,11408540283.42
2023-03-10,11382733206.94
2023-03-13,11366054404.65
2023-03-14,11373156059.48
2023-03-15,11367059712.11
2023-03-16,11350667704.06
2023-03-17,11322648937.1
2023-03-20,11334211835.11
2023-03-21,11323037966.25
2023-03-22,11327799611.76
2023-03-23,11337732672.76
2023-03-24,11362086106.46
2023-03-27,11379830595.23
2023-03-28,11374448378.82
2023-03-29,11347054341.7
2023-03-30,11401207699.29
2023-03-31,11306517576.12
2023-04-03,11397695170.03
2023-04-04,11370539937.48
2023-04-05,11366475759.04
2023-04-06,11373268680.19
2023-04-07,11340433659.26
2023-04-10,11331507842.39
2023-04-11,11311980113.35
2023-04-12,11306828632.04
2023-04-13,11312069131.67
2023-04-14,11313756209.14
2023-04-17,11272719055.52
2023-04-18,11291367654.36
2023-04-19,11268603971.66
2023-04-20,11242012064.04
2023-04-21,11201434568.83
2023-04-24,11174051212.27
2023-04-25,11152709189.99
2023-04-26,11158566660.22
2023-04-27,11138998418.77
2023-04-28,11155732899.79
2023-05-02,11171645336.85
2023-05-03,11170004206.16
2023-05-04,11620344943.54
2023-05-05,11653093539.69
2023-05-10,11649987131.24
2023-05-11,11645523834.29
2023-05-12,11161867836.51
2023-05-15,11162657301.42
2023-05-16,11168456604.96
2023-05-17,11159589021.67
2023-05-18,11135211630.94
2023-05-19,11148646433.89
2023-05-22,11146500920.55
2023-05-23,11142961097.42
2023-05-24,11129397070.34
2023-05-25,11107395100.18
2023-05-26,11121540918.97
2023-05-29,11434016249.86
2023-05-30,11420066986.85
2023-05-31,11413827173.6
2023-06-01,11328004950.64
2023-06-02,11331743128.31
2023-06-05,11314093373.31
2023-06-06,11286135344.47
2023-06-07,11266133929.97
2023-06-08,11243749733.3
2023-06-09,11219146961.21
2023-06-13,11259479355.45
2023-06-14,11263418470.02
2023-06-15,11260570657.64
2023-06-16,11225135468.11
2023-06-19,11209972755.14
2023-06-20,11175767344.53
2023-06-21,11145406300.19
2023-06-22,11169815406.2
2023-06-23,11188846145.99
2023-06-26,11173584158.89
2023-06-27,11178626535.29
2023-06-28,11177141037.87
2023-06-29,11165075130.47
2023-06-30,11147889510.67
2023-07-03,11173394383.87
2023-07-04,11140488462.77
2023-07-05,11158543693.53
2023-07-06,11122144856.6
2023-07-07,11120297385.78
2023-07-10,11097597459.94
2023-07-11,11064222199.46
2023-07-12,11041803072.29
2023-07-13,11025053636.63
2023-07-14,11018345688.89
2023-07-17,10981044343.92
2023-07-18,10934135843.91
2023-07-19,10896268556.76
2023-07-20,10922587822.82
2023-07-21,10911765419.16
2023-07-24,10915814817.46
2023-07-25,10912237158.89
2023-07-26,10908039504.32
2023-07-27,10937677091.36
2023-07-28,10942669566.86
2023-07-31,10943101032.39
2023-08-01,10926101397.76
2023-08-02,10914572344.41
2023-08-03,10913712847.9
2023-08-04,10927174223.79
2023-08-07,10889015599.19
2023-08-08,10864090571.71
2023-08-09,10880127387.92
2023-08-10,10846732258.15
2023-08-11,10842382625.37
2023-08-14,10796722565.96
2023-08-15,10676358014.58
2023-08-16,10707937561.52
2023-08-17,10701565785.29
2023-08-18,10727524808.93
2023-08-21,10715592367.82
2023-08-22,10648160567.95
2023-08-23,10647972364.56
2023-08-24,10652682276.8
2023-08-25,10657962111.68
2023-08-28,10647035891.14
2023-08-29,10616549047.51
2023-08-30,10574278349.12
2023-08-31,10558750599.32
2023-09-01,10586663893.27
2023-09-04,10571528706.96
2023-09-05,10559992321.3
2023-09-06,10499948655.63
2023-09-07,10415462580.7
2023-09-08,10377108187.81
2023-09-11,10381844076.38
2023-09-12,10384760622.01
2023-09-13,10384185174.36
2023-09-14,10355633064.58
2023-09-15,10332037150.22
2023-09-18,10323234288.03
2023-09-19,10312900100.03
2023-09-20,10294279355.45
2023-09-21,10301073699.66
2023-09-22,10295663299.54
2023-09-25,10336922883.23
2023-09-26,10336486727.04
2023-09-27,10302593531.6
2023-09-28,10293208504.66
2023-09-29,10287242196.25
2023-10-02,10218561360.75
2023-10-03,10219845314.79
2023-10-04,10187724318.98
2023-10-05,10134594558.83
2023-10-06,10107842923.77
2023-10-09,10074577945.43
2023-10-10,10041127894.77
2023-10-11,10036387721.31
2023-10-12,10006215477.5
2023-10-13,10027431145.72
2023-10-16,10041209441.47
2023-10-17,10030977032.6
2023-10-18,10005990466.42
2023-10-19,9991352795.76
2023-10-20,9943359381.23
2023-10-23,9948836371.43
2023-10-24,9917975818.59
2023-10-25,9915225510.15
2023-10-26,9934366241.44
2023-10-27,9999134002.92
2023-10-30,9975885667.81
2023-10-31,9971156707.03
2023-11-01,9954059294.19
2023-11-02,9969984085.61
2023-11-03,9990539596.43
2023-11-07,10080302418.36
2023-11-08,10049538696.46
2023-11-09,10021389986.85
2023-11-10,10060485060.16
2023-11-13,10090484842.29
2023-11-14,10078140158.93
2023-11-15,10045897162.64
2023-11-16,10056511731.68
2023-11-17,10259494251.33
2023-11-20,10267689854.45
2023-11-21,10252014455.83
2023-11-22,10235286574.88
2023-11-23,10263758843.94
2023-11-24,10249142025.7
2023-11-27,10321072721.14
2023-11-28,10311311383.99
2023-11-29,10320412836.76
2023-11-30,10331767895.18
2023-12-01,10348077837.67
2023-12-04,10325052220.84
2023-12-05,10330882072.79
2023-12-06,10346059871.19
2023-12-07,10340731598.44
2023-12-08,10307034899.44
2023-12-11,10306054978.63
2023-12-12,10264629313.82
2023-12-13,10215508614.7
2023-12-14,10252705272.44
2023-12-15,10253589612.82
2023-12-18,10340481571.74
2023-12-19,10339144846.0
2023-12-20,10379122506.18
2023-12-21,10343184471.44
2023-12-22,10348497002.3
2023-12-25,10378862524.71
2023-12-26,10361308258.46
2023-12-27,10384718251.07
2023-12-28,10335937657.42
2023-12-29,10273769388.62
2024-01-09,10429728233.73
2024-01-10,10425977218.7
2024-01-11,10436584638.06
2024-01-12,10412615846.58
2024-01-15,10414538175.92
2024-01-16,10452450358.47
2024-01-17,10470100135.04
2024-01-18,10499271723.42
2024-01-19,10491383023.04
2024-01-22,10506926412.15
2024-01-23,11083838090.96
2024-01-24,11125154062.35
2024-01-25,11113497256.19
2024-01-26,11132891489.59
2024-01-29,11145139648.74
2024-01-30,11137814555.93
2024-01-31,11135767662.78
2024-02-01,11119022526.16
2024-02-02,11098739140.98
2024-02-05,11110947740.01
2024-02-06,10703895320.45
2024-02-07,10544576717.12
2024-02-08,10559686279.83
2024-02-09,10529365740.69
2024-02-12,10509522057.16
2024-02-13,10495384856.26
2024-02-14,10506479934.89
2024-02-15,10479192632.45
2024-02-16,10486847012.2
2024-02-19,10497755067.56
2024-02-20,10485649260.02
2024-02-21,10494337748.31
2024-02-22,10494910205.79
2024-02-26,10500233052.07
2024-02-27,10489854099.16
2024-02-28,10473520403.62
2024-02-29,10476272736.4
2024-03-01,10488308744.51
2024-03-04,10480719233.83
2024-03-05,10398172655.2
2024-03-06,10369057121.43
2024-03-07,10390773875.07
2024-03-11,10376064107.18
2024-03-12,10377389532.53
2024-03-13,10366966187.44
2024-03-14,10380900782.81
2024-03-15,10381163338.49
2024-03-18,10399843211.17
2024-03-19,10430558779.65
2024-03-20,10460365002.24
2024-03-21,10457742190.93
2024-03-22,10474542716.36
2024-03-25,10455400669.86
2024-03-26,10476962311.25
2024-03-27,10453398363.53
2024-03-28,10422290551.92
2024-03-29,10416556341.92
2024-04-01,10195867376.53
2024-04-02,10039711726.9
2024-04-03,10040287503.54
2024-04-04,9970911924.64
2024-04-05,9922903213.26
2024-04-08,9951646491.17
2024-04-09,9940856293.77
2024-04-10,9916139125.51
2024-04-11,9941769467.3
2024-04-12,9943904758.56
2024-04-15,9953710789.43
2024-04-16,9926338511.27
2024-04-17,9924694453.15
2024-04-18,9990221238.89
2024-04-19,9991073398.84
2024-04-22,9978508669.52
2024-04-23,9971239353.59
2024-04-24,9994532822.56
2024-04-25,9994823110.64
2024-04-26,10008559635.01
2024-04-27,10012561233.04
2024-05-02,10018131154.53
2024-05-03,10008362889.66
2024-05-06,10022233665.05
2024-05-07,10004025440.27
2024-05-08,10014377225.51
2024-05-13,10023020870.61
2024-05-14,10016588700.29
2024-05-15,10010156709.52
2024-05-16,9932331481.32
2024-05-17,9926151215.14
2024-05-20,9933678666.04
2024-05-21,9902983451.03
2024-05-22,9922714192.38
2024-05-23,9915275249.43
2024-05-24,9894205605.37
2024-05-27,9873149886.23
2024-05-28,9850604646.87
2024-05-29,9846276108.86
2024-05-30,9861208872.86
2024-05-31,9835966360.18
2024-06-03,9729001986.48
2024-06-04,9617202609.16
2024-06-05,9656382529.11
2024-06-06,9645374815.62
2024-06-07,9625924997.56
2024-06-10,9623248676.2
2024-06-11,9563163558.72
2024-06-13,9536990040.57
2024-06-14,9548942926.1
2024-06-17,9546596443.79
2024-06-18,9523767782.26
2024-06-19,9477830932.29
2024-06-20,9444223628.39
2024-06-21,9466774608.25
2024-06-24,9476513417.97
2024-06-25,9388225922.83
2024-06-26,9382557252.94
2024-06-27,9380259093.79
2024-06-28,9382521680.39
2024-07-01,9382059965.87
2024-07-02,9379312683.13
2024-07-03,9332239661.47
2024-07-04,9322219493.42
2024-07-05,9328715330.09
2024-07-08,9318657038.24
2024-07-09,9330382374.09
2024-07-10,9332657188.21
2024-07-11,9325839943.12
2024-07-12,9362400486.59
2024-07-15,9380887950.01
2024-07-16,9373868545.44
2024-07-17,9382719209.51
2024-07-18,9401426371.05
2024-07-19,9394600404.78
2024-07-22,9369372107.1
2024-07-23,9301396134.75
2024-07-24,9304570884.35
2024-07-25,9339740809.05
2024-07-26,9325741704.23
2024-07-29,9335046722.4
2024-07-30,9363814858.51
2024-07-31,9391865849.9
2024-08-01,9417569608.52
2024-08-02,9404395282.52
2024-08-05,9427654455.28
2024-08-06,9471903093.34
2024-08-07,9493172455.04
2024-08-08,9475387494.31
2024-08-09,9486870401.55
2024-08-12,9500820281.9
2024-08-13,9506980228.62
2024-08-14,9503358882.34
2024-08-15,9498574242.93
2024-08-16,9490478666.39
2024-08-19,9452531941.08
2024-08-20,9990936591.79
2024-08-21,9974692477.02
2024-08-22,10016120916.14
2024-08-23,10014839054.72
2024-08-26,10015800042.6
2024-08-27,10077077330.37
2024-08-28,10069913781.12
2024-08-29,10050347095.05
2024-08-30,10042628884.77
2024-09-02,10093654404.81
2024-09-03,10079041540.92
2024-09-04,10077065981.76
2024-09-05,10073788529.15
2024-09-06,10054812717.31
2024-09-09,10063870867.57
2024-09-10,10016092630.04
2024-09-11,9996611532.47
2024-09-12,9987866867.09
2024-09-13,9981942103.74
2024-09-16,9975949445.92
2024-09-17,9980891325.62
2024-09-18,9522461393.49
2024-09-19,9433630919.56
2024-09-20,9413932790.17
2024-09-23,9309329377.91
2024-09-24,9282543260.09
2024-09-25,9264358422.15
2024-09-26,9273519998.61
2024-09-27,9227667724.35
2024-09-30,9242022560.38
2024-10-01,9238509796.63
2024-10-02,9251512291.54
2024-10-03,9243542729.06
2024-10-04,9802926569.87
2024-10-07,9795287269.84
2024-10-08,9771411513.18
2024-10-09,9755235260.28
2024-10-10,9764415653.41
2024-10-11,9747385898.68
2024-10-14,9767482230.96
2024-10-15,9765183355.63
2024-10-16,9799335775.27
2024-10-17,9813958889.56
2024-10-18,9823251051.33
2024-10-21,9847700003.65
2024-10-22,9873624618.02
2024-10-23,9891009368.93
2024-10-24,9844293331.36
2024-10-25,9914348393.75
2024-10-28,9959103938.34
2024-10-29,9953005771.67
2024-10-30,9939594653.68
2024-10-31,9961721475.55
2024-11-01,9976361653.52
2024-11-02,9999190210.42
2024-11-05,9945331580.55
2024-11-06,9992991807.61
2024-11-07,9975804346.02
2024-11-08,9963599598.05
2024-11-11,9987419598.94
2024-11-12,9558214000.6
2024-11-13,9530517081.67
2024-11-14,9648584038.71
2024-11-15,9674099987.27
2024-11-18,10179587404.6
2024-11-19,10107329112.4
2024-11-20,9925483617.1
2024-11-21,9919737046.83
2024-11-22,9900784321.36
2024-11-25,9952170759.05
2024-11-26,9914011468.09
2024-11-27,9881422139.96
2024-11-28,9846607286.75
2024-11-29,9885273108.08
2024-12-02,9876684529.0
2024-12-03,9793305399.89
2024-12-04,9765507926.43
2024-12-05,9910523266.94
2024-12-06,9943879329.7
2024-12-09,9990032963.74
2024-12-10,9932231852.11
2024-12-11,9931228622.94
2024-12-12,9901015162.94
2024-12-13,9884045124.27
2024-12-16,9908075704.17
2024-12-17,9880565936.71
2024-12-18,9893882659.95
2024-12-19,9923173367.95
2024-12-20,10007058447.11
2024-12-23,10149107604.65
2024-12-24,9707001705.36
2024-12-25,9773577301.67
2024-12-26,9789812303.5
2024-12-27,9825929127.24
2024-12-28,9863651656.72
2025-01-09,10017563070.43
2025-01-10,10000951146.87
2025-01-13,10030795074.71
2025-01-14,10012960993.36
2025-01-15,10090644271.94
2025-01-16,10112323785.8
2025-01-17,10139634549.92
2025-01-20,10188173316.69
2025-01-21,10250520576.54
2025-01-22,10311839051.51
2025-01-23,10384085230.29
2025-01-24,10438330841.52
2025-01-27,10468739443.28
2025-01-28,10524933755.24
2025-01-29,10577350806.18
2025-01-30,10688131296.38
2025-01-31,10768881470.61
2025-02-03,10837256637.38
2025-02-04,10934064072.6
2025-02-05,10965812251.02
2025-02-06,11522805019.59
2025-02-07,11473998948.45
2025-02-10,11583536202.28
2025-02-11,11634866262.65
2025-02-12,11729896037.24
2025-02-13,11637026603.84
2025-02-14,11644254323.57
2025-02-17,11677065977.1
2025-02-18,11818610129.76
2025-02-19,11905681954.28
2025-02-20,12069406556.65
2025-02-21,12254981459.41
2025-02-24,12342284689.08
2025-02-25,12410266084.23
2025-02-26,12456577831.45
2025-02-27,12532671081.57
2025-02-28,12637935146.0
2025-03-03,12844688629.19
2025-03-04,13157493069.37
2025-03-05,13419939560.25
2025-03-06,13558281563.85
2025-03-07,13830979060.47
2025-03-10,14068868259.01
2025-03-11,14287898923.99
2025-03-12,14515137150.05
2025-03-13,14767064211.61
2025-03-14,14941467254.1
2025-03-17,15151402609.83
2025-03-18,15341951829.38
2025-03-19,15646217979.32
2025-03-20,16018675341.66
2025-03-21,16296343177.55
2025-03-24,16480683932.64
2025-03-25,16689099642.88
2025-03-26,16881679587.69
2025-03-27,17039573985.63
2025-03-28,17140757256.97
2025-03-31,17217744697.09
2025-04-01,17426880653.72
2025-04-02,17648720082.57
2025-04-03,17962933218.94
2025-04-04,18076114718.29
2025-04-07,18116875940.49
2025-04-08,18425803011.25
2025-04-09,18429515623.16
2025-04-10,18522185611.4
2025-04-11,18721153268.53
2025-04-14,18954150044.32
2025-04-15,19103552314.1
2025-04-16,19303976652.47
2025-04-17,19554919550.81
2025-04-18,19695006432.21
2025-04-21,19984259902.19
2025-04-22,20255842434.13
2025-04-23,20599381240.63
2025-04-24,21052988995.31
2025-04-25,21395471327.32
2025-04-28,21835847142.51
2025-04-29,22228123964.52
2025-04-30,22392926010.45
2025-05-05,23287509284.33
2025-05-06,23720440159.07
2025-05-07,24064155096.49
2025-05-12,24552685751.0
2025-05-13,24893976487.67
2025-05-14,25839161264.48
2025-05-15,26682590325.76
2025-05-16,27998798996.35
2025-05-19,29523549635.06
2025-05-20,30828732362.61
2025-05-21,31822660785.71
2025-05-22,33077932422.2
2025-05-23,34388727799.63
2025-05-26,35253067284.82
2025-05-27,36271896718.86
2025-05-28,37070906326.86
2025-05-29,38426229542.84
2025-05-30,39479477846.24
2025-06-02,40592664116.8
2025-06-03,42139888619.98
2025-06-04,43882244452.45
2025-06-05,45572456009.54
2025-06-06,47741054225.05
2025-06-09,49726479909.33
2025-06-10,52214811733.62
2025-06-11,54219003521.25
2025-06-16,56053450530.85
2025-06-17,57900955929.78
2025-06-18,59598925248.11
2025-06-19,61747996368.13
2025-06-20,63380197491.22
2025-06-23,65023325854.42
2025-06-24,67058754794.87
2025-06-25,69063312725.78
2025-06-26,70613296449.46
2025-06-27,72207309526.95
2025-06-30,73875282899.48
2025-07-01,76884957850.2
2025-07-02,79757733504.06
2025-07-03,82509501623.3
2025-07-04,85185680801.17
2025-07-07,87317049064.08
2025-07-08,90464546501.86
2025-07-09,92701337592.22
2025-07-10,95858504158.49
2025-07-11,98883358278.65
2025-07-14,101658806453.69
2025-07-15,104929924123.34
2025-07-16,107973156714.26
2025-07-17,110924402359.25
2025-07-18,114349388408.46
2025-07-21,118140859776.16
2025-07-22,121654053418.12
2025-07-23,126214441594.01
2025-07-24,130347976308.64
2025-07-25,134425308936.62
